"","PLAYER","PTS","X3PM","X3PA","X3P.","FTM","FTA","FT.","REB","AST","POS"
"1","Chasson Randle",5.3,0.6,1.8,34,1.6,1.7,95.3,1.2,1.3,"G"
"2","CJ McCollum",23,2.3,5.5,42.1,3.4,3.7,91.2,3.6,3.6,"G"
"3","Isaiah Thomas",28.9,3.2,8.5,37.9,7.8,8.5,90.9,2.7,5.9,"G"
"4","Kyrie Irving",25.2,2.5,6.1,40.1,4.1,4.6,90.5,3.2,5.8,"G"
"5","CJ Miles",10.7,2.2,5.4,41.3,1.1,1.2,90.3,3,0.6,"G"
"6","Stephen Curry",25.3,4.1,10,41.1,4.1,4.6,89.8,4.5,6.6,"G"
"7","Damian Lillard",27,2.9,7.7,37,6.5,7.3,89.5,4.9,5.9,"G"
"8","Bojan Bogdanovic",13.7,1.8,4.8,36.7,2.7,3,89.3,3.4,1.4,"G"
"9","Marco Belinelli",10.5,1.4,3.8,36,2,2.3,89.3,2.4,2,"G"
"10","Arron Afflalo",8.4,1,2.5,41.1,1.4,1.5,89.2,2,1.3,"G"
"11","Chris Paul",18.1,2,5,41.1,3.8,4.3,89.2,5,9.2,"G"
"12","Ricky Rubio",11.1,0.8,2.6,30.6,3.4,3.8,89.1,4.1,9.1,"G"
"13","JJ Redick",15,2.6,6,42.9,2.3,2.6,89.1,2.2,1.4,"G"
"14","Jerian Grant",5.9,0.8,2.1,36.6,1,1.2,89,1.8,1.9,"G"
"15","Jamal Murray",9.9,1.4,4.2,33.4,1.3,1.5,88.3,2.6,2.1,"G"
"16","Khris Middleton",14.7,1.6,3.6,43.3,2.8,3.2,88,4.2,3.4,"G"
"17","Lou Williams",17.5,2,5.5,36.5,5,5.6,88,2.5,3,"G"
"18","Jodie Meeks",9.1,1.6,3.8,40.9,1.8,2.1,87.8,2.1,1.3,"G"
"19","Derrick Rose",18,0.2,0.9,21.7,3.5,4,87.4,3.8,4.4,"G"
"20","Reggie Jackson",14.5,1.3,3.5,35.9,2.3,2.6,86.8,2.2,5.2,"G"
"21","Jeff Teague",15.3,1.1,3.1,35.7,4.4,5.1,86.7,4,7.8,"G"
"22","Courtney Lee",10.8,1.4,3.5,40.1,1.1,1.3,86.7,3.4,2.3,"G"
"23","Malcolm Brogdon",10.2,1,2.6,40.4,1.5,1.7,86.5,2.8,4.2,"G"
"24","C.J. Watson",4.5,0.5,1.7,30.5,0.9,1.1,86.4,1.4,1.8,"G"
"25","J.J. Barea",10.9,1.5,4.2,35.8,1.3,1.5,86.3,2.4,5.5,"G"
"26","Darren Collison",13.2,1.1,2.6,41.7,2.2,2.5,86,2.2,4.6,"G"
"27","Mike Conley",20.5,2.5,6.1,40.8,4.6,5.3,85.9,3.5,6.3,"G"
"28","Brandon Knight",11,0.8,2.6,32.4,2.4,2.9,85.7,2.2,2.4,"G"
"29","Jamal Crawford",12.3,1.4,3.9,36,2.1,2.5,85.7,1.6,2.6,"G"
"30","Nicolas Batum",15.1,1.8,5.3,33.3,3.2,3.7,85.6,6.2,5.9,"G"
"31","Nick Young",13.2,2.8,7,40.4,1.3,1.5,85.6,2.3,1,"G"
"32","Dennis Schroder",17.9,1.3,3.7,34,2.8,3.2,85.5,3.1,6.3,"G"
"33","Matthew Dellavedova",7.6,1,2.8,36.7,1.1,1.3,85.4,1.9,4.7,"G"
"34","Timothe Luwawu-Cabarrot",6.4,0.7,2.3,31.1,1.5,1.8,85.4,2.2,1.1,"G"
"35","Klay Thompson",22.3,3.4,8.3,41.4,2.4,2.8,85.3,3.7,2.1,"G"
"36","Jeremy Lamb",9.7,0.7,2.4,28.1,1.8,2.1,85.3,4.3,1.2,"G"
"37","Seth Curry",12.8,2,4.6,42.5,1.2,1.4,85,2.6,2.7,"G"
"38","Eric Bledsoe",21.1,1.6,4.7,33.5,5.9,6.9,84.7,4.8,6.3,"G"
"39","Kemba Walker",23.2,3,7.6,39.9,3.8,4.5,84.7,3.9,5.5,"G"
"40","Allen Crabbe",10.7,1.7,3.8,44.4,1.3,1.6,84.7,2.9,1.2,"G"
"41","James Harden",29.1,3.2,9.3,34.7,9.2,10.9,84.7,8.1,11.2,"G"
"42","Brian Roberts",3.5,0.4,1.1,38.6,0.8,1,84.6,1,1.3,"G"
"43","Russell Westbrook",31.6,2.5,7.2,34.3,8.8,10.4,84.5,10.7,10.4,"G"
"44","Sean Kilpatrick",13.1,1.5,4.4,34.1,2.9,3.5,84.3,4,2.2,"G"
"45","DeMar DeRozan",27.3,0.4,1.7,26.6,7.4,8.7,84.2,5.2,3.9,"G"
"46","Eric Gordon",16.2,3.3,8.8,37.2,2,2.3,84,2.7,2.5,"G"
"47","Wade Baldwin IV",3.2,0.1,0.7,13.6,0.9,1.1,83.8,1.4,1.8,"G"
"48","Zach LaVine",18.9,2.6,6.6,38.7,2.5,3,83.6,3.4,3,"G"
"49","Kentavious Caldwell-Pope",13.8,2,5.8,35,2,2.4,83.2,3.3,2.5,"G"
"50","Devin Booker",22.1,1.9,5.2,36.3,4.7,5.7,83.2,3.2,3.4,"G"
"51","Yogi Ferrell",10,1.5,3.8,38.6,1.6,1.9,83.1,2.4,3.7,"G"
"52","Devin Harris",6.7,0.9,2.7,32.8,1.6,2,82.9,2,2.1,"G"
"53","Toney Douglas",4.9,0.3,1.8,16.7,1,1.2,82.8,2.5,2.3,"G"
"54","Deron Williams",11,1.3,3.7,36.3,1.4,1.7,82.6,2.3,5.6,"G"
"55","Evan Turner",9,0.5,1.8,26.3,1.3,1.6,82.5,3.8,3.2,"G"
"56","Justin Holiday",7.7,1.2,3.3,35.5,0.8,1,82.5,2.7,1.2,"G"
"57","Patty Mills",9.5,1.8,4.4,41.4,0.8,1,82.5,1.8,3.5,"G"
"58","Bradley Beal",23.1,2.9,7.2,40.4,3.7,4.4,82.5,3.1,3.5,"G"
"59","Kyle Lowry",22.4,3.2,7.8,41.2,5,6.1,81.9,4.8,7,"G"
"60","Joe Johnson",9.2,1.4,3.3,41.1,0.8,1,81.8,3.1,1.8,"G"
"61","Wesley Matthews",13.5,2.4,6.6,36.3,2,2.5,81.6,3.5,2.9,"G"
"62","Jeremy Lin",14.5,1.6,4.3,37.2,3.2,3.9,81.6,3.8,5.1,"G"
"63","D.J. Augustin",7.9,1.2,3.5,34.7,1.7,2.1,81.4,1.5,2.7,"G"
"64","Nik Stauskas",9.5,1.7,4.5,36.8,1.5,1.9,81.3,2.8,2.4,"G"
"65","Marcus Smart",10.6,1.2,4.2,28.3,2.6,3.2,81.2,3.9,4.6,"G"
"66","T.J. McConnell",6.9,0.1,0.7,20,0.9,1.1,81.1,3.1,6.6,"G"
"67","Malcolm Delaney",5.4,0.4,1.5,23.6,1,1.3,80.6,1.7,2.6,"G"
"68","Gerald Henderson",9.2,0.8,2.4,35.3,1.8,2.3,80.6,2.6,1.6,"G"
"69","Isaiah Whitehead",7.4,0.6,2,29.5,1.2,1.5,80.5,2.5,2.6,"G"
"70","Evan Fournier",17.2,1.9,5.3,35.6,3.3,4.1,80.5,3.1,3,"G"
"71","Manu Ginobili",7.5,1.3,3.3,39.2,1.2,1.6,80.4,2.3,2.7,"G"
"72","George Hill",16.9,1.9,4.8,40.3,3.2,4,80.1,3.4,4.2,"G"
"73","John Wall",23.1,1.1,3.5,32.7,5.4,6.8,80.1,4.2,10.7,"G"
"74","Jordan Clarkson",14.7,1.4,4.3,32.9,1.6,2,79.8,3,2.6,"G"
"75","Ty Lawson",9.9,0.5,1.7,28.8,2.5,3.1,79.7,2.6,4.8,"G"
"76","Dante Exum",6.2,0.7,2.3,29.5,0.9,1.1,79.5,2,1.7,"G"
"77","Dwyane Wade",18.3,0.8,2.4,31,3.7,4.7,79.4,4.5,3.8,"G"
"78","Norman Powell",8.4,0.7,2.3,32.4,1.7,2.1,79.2,2.2,1.1,"G"
"79","Spencer Dinwiddie",7.3,0.6,1.7,37.6,2.1,2.7,79.2,2.8,3.1,"G"
"80","Justin Anderson",7.1,0.8,2.6,29.9,1.4,1.7,79.1,3.3,0.9,"G"
"81","Goran Dragic",20.3,1.6,4,40.5,4.1,5.2,79,3.8,5.8,"G"
"82","Iman Shumpert",7.5,1.2,3.4,36,0.9,1.2,78.9,2.9,1.4,"G"
"83","Emmanuel Mudiay",11,1,3.2,31.5,2.4,3,78.4,3.2,3.9,"G"
"84","Garrett Temple",7.8,1.3,3.4,37.3,0.9,1.1,78.4,2.8,2.6,"G"
"85","Rodney Hood",12.7,1.9,5.2,37.1,1.5,1.9,78.3,3.4,1.6,"G"
"86","D'Angelo Russell",15.6,2.1,6.1,35.2,2.3,3,78.2,3.5,4.8,"G"
"87","Josh Richardson",10.2,1.4,4.3,33,1.1,1.5,77.9,3.2,2.6,"G"
"88","Gary Harris",14.9,1.9,4.5,42,1.8,2.4,77.6,3.1,2.9,"G"
"89","Tyler Ulis",7.3,0.3,1.3,26.6,0.9,1.2,77.5,1.6,3.7,"G"
"90","Ramon Sessions",6.2,0.4,1.2,33.9,1.8,2.4,77.1,1.5,2.6,"G"
"91","Cory Joseph",9.3,0.6,1.7,35.6,1.2,1.5,77,2.9,3.3,"G"
"92","E'Twaun Moore",9.6,1.1,2.8,37,0.8,1,77,2.1,2.2,"G"
"93","Giannis Antetokounmpo",22.9,0.6,2.3,27.2,5.9,7.7,77,8.8,5.4,"G"
"94","Alec Burks",6.7,0.6,1.8,32.9,1.4,1.9,76.9,2.9,0.7,"G"
"95","Patrick Beverley",9.5,1.6,4.3,38.2,1.1,1.4,76.8,5.9,4.2,"G"
"96","Tyler Johnson",13.7,1.3,3.4,37.2,2.7,3.5,76.8,4,3.2,"G"
"97","Tim Hardaway Jr.",14.5,1.9,5.3,35.7,2.1,2.7,76.6,2.8,2.3,"G"
"98","Vince Carter",8,1.5,4.1,37.8,1.2,1.6,76.5,3.1,1.8,"G"
"99","Delon Wright",5.6,0.4,1.1,33.3,1.6,2,76.4,1.8,2.1,"G"
"100","Andrew Harrison",5.9,0.6,2.2,27.6,2.1,2.7,76.3,1.9,2.8,"G"
"101","Tim Frazier",7.1,0.6,2,31.3,1.5,2,76,2.7,5.2,"G"
"102","Michael Carter-Williams",6.6,0.3,1.4,23.4,1.3,1.7,75.3,3.4,2.5,"G"
"103","Victor Oladipo",15.9,1.9,5.3,36.1,1.7,2.3,75.3,4.3,2.6,"G"
"104","Ben McLemore",8.1,1.1,2.8,38.2,1.1,1.5,75.3,2.1,0.8,"G"
"105","Will Barton",13.7,1.5,3.9,37,2.4,3.2,75.3,4.3,3.4,"G"
"106","Brandon Jennings",7.1,1,3.1,31.3,1.4,1.9,75,2.4,4.9,"G"
"107","Jonathon Simmons",6.2,0.4,1.3,29.4,1.3,1.7,75,2.1,1.6,"G"
"108","Tyreke Evans",10.3,1.1,3,35.6,1.7,2.3,75,3.4,3.1,"G"
"109","Rodney Stuckey",7.2,0.5,1.5,31.7,2.1,2.7,74.8,2.2,2.2,"G"
"110","Avery Bradley",16.3,2,5,39,1.2,1.7,73.1,6.1,2.2,"G"
"111","Monta Ellis",8.5,0.6,1.8,31.9,1.3,1.7,72.7,2.8,3.2,"G"
"112","Tony Parker",10.1,0.4,1.1,33.3,1.3,1.9,72.6,1.8,4.5,"G"
"113","Caris LeVert",8.2,1,3.2,32.1,1.2,1.6,72,3.3,1.9,"G"
"114","Glenn Robinson III",6.1,0.7,1.8,39.2,0.8,1.1,71.1,3.6,0.7,"G"
"115","Jrue Holiday",15.4,1.5,4.2,35.6,1.8,2.5,70.8,3.9,7.3,"G"
"116","Kent Bazemore",11,1.3,3.6,34.6,1.6,2.3,70.8,3.2,2.4,"G"
"117","Andre Iguodala",7.6,0.8,2.3,36.2,0.9,1.3,70.6,4,3.4,"G"
"118","Ish Smith",9.4,0.3,1.3,26.7,0.9,1.3,70.6,2.9,5.2,"G"
"119","Elfrid Payton",12.8,0.5,1.8,27.4,1.8,2.6,69.2,4.7,6.5,"G"
"120","Austin Rivers",12,1.5,4,37.1,1.8,2.6,69.1,2.2,2.8,"G"
"121","Shelvin Mack",7.8,0.7,2.2,30.8,1,1.4,68.8,2.3,2.8,"G"
"122","Dion Waiters",15.8,1.8,4.7,39.5,1.8,2.8,64.6,3.3,4.3,"G"
"123","Tony Allen",9.1,0.2,0.8,27.8,1.1,1.8,61.5,5.5,1.4,"G"
"125","Danilo Gallinari",18.2,2,5.1,38.9,5.5,6.1,90.2,5.2,2.1,"F"
"126","Paul George",23.7,2.6,6.6,39.3,4.5,5,89.8,6.6,3.3,"F"
"129","Kawhi Leonard",25.5,2,5.2,38,6.3,7.2,88,5.8,3.5,"F"
"130","Marreese Speights",8.7,1.3,3.4,37.2,1.5,1.7,87.6,4.5,0.8,"F"
"131","Dirk Nowitzki",14.2,1.5,3.9,37.8,1.8,2.1,87.5,6.5,1.5,"F"
"132","Kevin Durant",25.1,1.9,5,37.5,5.4,6.2,87.5,8.3,4.8,"F"
"133","Marvin Williams",11.2,1.6,4.7,35,1.7,2,87.3,6.6,1.4,"F"
"134","Kevin Love",19,2.4,6.5,37.3,4.3,4.9,87.1,11.1,1.9,"F"
"135","Jon Leuer",10.2,0.7,2.2,29.3,1.3,1.5,86.7,5.4,1.5,"F"
"136","Jimmy Butler",23.9,1.2,3.3,36.7,7.7,8.9,86.5,6.2,5.5,"F"
"137","Jeff Green",9.2,0.8,2.8,27.5,2.1,2.4,86.3,3.1,1.2,"F"
"138","Harrison Barnes",19.2,1,2.8,35.1,3.1,3.6,86.1,5,1.5,"F"
"139","Ryan Anderson",13.6,2.8,7,40.3,1.8,2.1,86,4.6,0.9,"F"
"140","Serge Ibaka",14.8,1.6,4,39.1,1.4,1.6,85.6,6.8,0.9,"F"
"142","Rudy Gay",18.7,1.4,3.8,37.2,3.9,4.6,85.5,6.3,2.8,"F"
"144","Channing Frye",9.1,1.9,4.5,40.9,0.9,1,85.1,3.9,0.6,"F"
"145","Spencer Hawes",6.2,0.5,1.5,30.9,0.8,1,84.6,3.5,1.5,"F"
"146","Doug McDermott",9,1.2,3.2,37,1.1,1.3,84.5,2.7,0.9,"F"
"147","Gordon Hayward",21.9,2,5.1,39.8,5,5.9,84.4,5.4,3.5,"F"
"148","Lance Thomas",6,0.8,1.8,44.7,0.9,1.1,84.3,3.1,0.8,"F"
"149","Tobias Harris",16.1,1.3,3.8,34.7,2.3,2.8,84.1,5.1,1.7,"F"
"150","Markieff Morris",14,0.9,2.6,36.2,2.4,2.8,83.7,6.5,1.7,"F"
"151","Carmelo Anthony",22.4,2,5.7,35.9,4.1,4.9,83.3,5.9,2.9,"F"
"152","Otto Porter Jr.",13.4,1.9,4.3,43.4,1.2,1.5,83.2,6.4,1.5,"F"
"153","Terrence Ross",11,1.8,5,36.3,0.8,1,83.1,2.6,1.1,"F"
"155","Nikola Jokic",16.7,0.6,1.9,32.4,2.6,3.1,82.5,9.8,4.9,"F"
"156","Robert Covington",12.9,2,6.1,33.3,2.1,2.6,82.2,6.5,1.5,"F"
"159","Gorgui Dieng",10,0.2,0.5,37.2,1.7,2,81.4,7.9,1.9,"F"
"160","Chandler Parsons",6.2,0.7,2.7,26.9,1,1.3,81.4,2.5,1.6,"F"
"161","LaMarcus Aldridge",17.3,0.3,0.8,41.1,3.1,3.8,81.2,7.3,1.9,"F"
"162","Jae Crowder",13.9,2.2,5.5,39.8,2.4,3,81.1,5.8,2.2,"F"
"163","Mindaugas Kuzminskas",6.3,0.8,2.5,32.1,0.8,1,80.9,1.9,1,"F"
"164","Solomon Hill",7,1.2,3.4,34.8,1.3,1.6,80.5,3.8,1.8,"F"
"165","JaMychal Green",8.9,0.7,1.9,37.9,1.7,2.2,80.2,7.1,1.1,"F"
"166","Anthony Davis",28,0.5,1.8,29.9,6.9,8.6,80.2,11.8,2.1,"F"
"167","Jarell Martin",3.9,0.2,0.6,36,1,1.2,80,3.9,0.2,"F"
"169","Taurean Prince",5.7,0.6,1.7,32.4,1.3,1.6,78.7,2.7,0.9,"F"
"170","Matt Barnes",7.1,1.2,3.6,33.1,0.9,1.2,78.7,5.2,2.6,"F"
"171","Kristaps Porzingis",18.1,1.7,4.8,35.7,3,3.8,78.6,7.2,1.5,"F"
"172","Marcus Morris Sr.",14,1.5,4.5,33.1,1.8,2.3,78.4,4.6,2,"F"
"173","Dario Saric",12.8,1.3,4.2,31.1,2.1,2.7,78.2,6.3,2.2,"F"
"174","James Ennis III",6.7,0.8,2.1,37.2,1.3,1.7,78.2,4,1,"F"
"175","Kris Humphries",4.6,0.3,1,35.2,1.1,1.5,78,3.7,0.5,"F"
"176","Ersan Ilyasova",13.1,1.7,4.9,35.3,2,2.5,77.8,5.9,1.7,"F"
"177","P.J. Tucker",6.7,0.9,2.4,35.7,0.9,1.1,77.4,5.8,1.2,"F"
"178","Shabazz Muhammad",9.9,0.6,1.9,33.8,1.9,2.4,77.4,2.8,0.4,"F"
"179","Nikola Mirotic",10.6,1.8,5.4,34.2,1.4,1.8,77.3,5.5,1.1,"F"
"180","T.J. Warren",14.4,0.4,1.5,26.5,1.8,2.3,77.3,5.1,1.1,"F"
"181","DeMarcus Cousins",27,1.8,5,36.1,7.2,9.3,77.2,11,4.6,"F"
"183","Paul Millsap",18.1,1.1,3.5,31.1,4.5,5.9,76.8,7.7,3.7,"F"
"185","DeMarre Carroll",8.9,1.5,4.4,34.1,1.2,1.6,76.1,3.8,1,"F"
"186","Andrew Wiggins",23.6,1.3,3.5,35.6,5,6.6,76,4,2.3,"F"
"187","Blake Griffin",21.6,0.6,1.9,33.6,5.2,6.9,76,8.1,4.9,"F"
"188","Dwight Powell",6.7,0.3,1,28.4,1.4,1.8,75.9,4,0.6,"F"
"189","Kelly Oubre Jr.",6.3,0.7,2.4,28.7,0.9,1.3,75.8,3.3,0.6,"F"
"191","Rondae Hollis-Jefferson",8.7,0.2,0.9,22.4,2.4,3.2,75.1,5.8,2,"F"
"193","Juancho Hernangomez",4.9,0.7,1.8,40.7,0.9,1.2,75,3,0.5,"F"
"194","Quincy Acy",5.8,1,2.4,41.1,1.2,1.6,75,3,0.5,"F"
"196","Anthony Tolliver",7.1,1.4,3.5,39.1,0.9,1.3,74.4,3.6,1.2,"F"
"197","Jabari Parker",20.1,1.3,3.5,36.5,3.2,4.3,74.3,6.2,2.8,"F"
"198","Michael Beasley",9.4,0.3,0.8,41.9,1.4,1.9,74.3,3.4,0.9,"F"
"199","Richard Jefferson",5.7,0.8,2.4,33.3,1,1.4,74.1,2.6,1,"F"
"200","Trevor Ariza",11.7,2.4,6.9,34.4,1.2,1.6,73.8,5.7,2.2,"F"
"201","Larry Nance Jr.",7.1,0.2,0.6,27.8,0.9,1.3,73.8,5.9,1.5,"F"
"202","Thabo Sefolosha",7.2,0.7,1.9,34.2,0.9,1.2,73.3,4.4,1.7,"F"
"203","Kelly Olynyk",9,0.9,2.6,35.4,1.2,1.6,73.2,4.8,2,"F"
"204","Zach Randolph",14.1,0.3,1.3,22.3,1.9,2.6,73.1,8.2,1.7,"F"
"205","Luol Deng",7.6,0.9,2.9,30.9,0.8,1.1,73,5.3,1.3,"F"
"206","Wilson Chandler",15.7,1.5,4.6,33.7,2,2.7,72.7,6.5,2,"F"
"207","Julius Randle",13.2,0.2,0.9,27,2.8,3.8,72.3,8.6,3.6,"F"
"208","Anthony Bennett",5,0.6,2.1,27.1,1.1,1.6,72.2,3.4,0.5,"F"
"209","Trey Lyles",6.2,0.9,2.9,31.9,0.8,1.1,72.2,3.3,1,"F"
"211","Aaron Gordon",12.7,1,3.3,28.8,2,2.7,71.9,5.1,1.9,"F"
"213","Draymond Green",10.2,1.1,3.5,30.8,2,2.8,70.9,7.9,7,"F"
"215","James Johnson",12.8,1.1,3.4,34,2,2.8,70.7,4.9,3.6,"F"
"216","Al-Farouq Aminu",8.7,1.1,3.5,33,1.6,2.2,70.6,7.4,1.6,"F"
"218","Richaun Holmes",9.8,0.5,1.4,35.1,1.3,1.8,69.9,5.5,1,"F"
"219","Jaylen Brown",6.6,0.6,1.7,34.3,1.1,1.6,68.5,2.8,0.8,"F"
"220","Luc Mbah a Moute",6.1,0.5,1.4,39.1,0.7,1.1,67.8,2.1,0.5,"F"
"221","Luis Scola",5.1,0.5,1.4,34,0.7,1,67.6,3.9,1,"F"
"222","LeBron James",26.4,1.7,4.6,36.3,4.8,7.2,67.4,8.6,8.7,"F"
"223","Trevor Booker",10,0.4,1.1,32.1,1,1.5,67.3,8,1.9,"F"
"224","Amir Johnson",6.5,0.3,0.8,40.9,0.8,1.3,67,4.6,1.8,"F"
"225","Jared Dudley",6.8,1.2,3.2,37.9,0.7,1,66.2,3.5,1.9,"F"
"226","Troy Williams",6.2,0.6,2.1,29,0.7,1.1,65.6,2.3,0.8,"F"
"227","Derrick Williams",6.1,0.6,1.9,30.9,1.2,1.8,65.2,2.6,0.6,"F"
"228","Joffrey Lauvergne",5.4,0.5,1.4,33.7,0.7,1,63,3.6,1,"F"
"229","Marquese Chriss",9.2,0.9,2.7,32.1,1.4,2.2,62.4,4.2,0.7,"F"
"230","Brandon Ingram",9.4,0.7,2.4,29.4,1.7,2.7,62.1,4,2.1,"F"
"231","Maurice Harkless",10,0.9,2.5,35.1,1,1.6,62.1,4.4,1.1,"F"
"233","Jerami Grant",5.5,0.5,1.5,37.1,1.1,1.8,61.2,2.6,0.6,"F"
"234","Terrence Jones",10.8,0.4,1.4,25.3,1.9,3.1,60.6,5.7,1.1,"F"
"235","Thaddeus Young",11,0.6,1.6,38.1,0.6,1.2,52.3,6.1,1.6,"F"
"236","Donatas Motiejunas",4.4,0.3,1.4,23.4,0.7,1.4,51,3,0.9,"F"
"237","Andre Roberson",6.6,0.6,2.3,24.5,0.6,1.4,42.3,5.1,1,"F"
"240","Marc Gasol",19.5,1.4,3.6,38.8,3.8,4.5,83.7,6.3,4.6,"C"
"241","Karl-Anthony Towns",25.1,1.2,3.4,36.7,4.3,5.2,83.2,12.3,2.7,"C"
"244","Brook Lopez",20.5,1.8,5.2,34.6,3.9,4.9,81,5.4,2.3,"C"
"245","Myles Turner",14.5,0.5,1.4,34.8,3,3.7,80.9,7.3,1.3,"C"
"247","Al Horford",14,1.3,3.6,35.5,1.6,2,80,6.8,5,"C"
"248","Enes Kanter",14.3,0.1,0.5,13.2,3.1,4,78.6,6.7,0.9,"C"
"249","Joel Embiid",20.2,1.2,3.2,36.7,6.2,7.9,78.3,7.8,2.1,"C"
"252","Frank Kaminsky",11.7,1.5,4.7,32.8,1.6,2.1,75.6,4.5,2.2,"C"
"254","Pau Gasol",12.4,0.9,1.6,53.8,2,2.9,70.7,7.8,2.3,"C"
"255","Nikola Vucevic",14.6,0.3,1,30.7,1.4,2.1,66.9,10.4,2.8,"C"
"143","Stephen Curry",26.4,4.2,9.8,42.3,5.5,5.9,92.1,5.1,6.1,"G"
"232","Courtney Lee",12,1.5,3.7,40.6,1.5,1.6,91.9,2.9,2.4,"G"
"310","Chris Paul",18.6,2.5,6.5,38,3.5,3.8,91.9,5.4,7.9,"G"
"410","Damian Lillard",26.9,3.1,8.6,36.1,6.8,7.4,91.6,4.5,6.6,"G"
"510","Marco Belinelli",12.1,1.9,4.9,37.7,1.9,2,90.8,1.9,1.9,"G"
"610","Jamal Murray",16.7,2,5.4,37.8,2.8,3.1,90.5,3.7,3.4,"G"
"710","JJ Redick",17.1,2.8,6.6,42,2.8,3.1,90.4,2.5,3,"G"
"810","Jamal Crawford",10.3,1.3,3.9,33.1,1.3,1.4,90.3,1.2,2.3,"G"
"910","Isaiah Canaan",8.6,1.1,3.3,33.3,2.3,2.6,90.2,2.3,3.8,"G"
"1010","Isaiah Thomas",15.2,1.7,5.9,29.3,3.7,4.1,89.3,2.1,4.8,"G"
"1110","Patty Mills",10,1.9,5,37.2,1.3,1.4,89,1.9,2.8,"G"
"1210","Kyle Korver",9.2,2.2,5.2,43.6,0.9,1,88.9,2.3,1.2,"G"
"1310","Kyrie Irving",24.4,2.8,6.8,40.8,3.9,4.4,88.9,3.8,5.1,"G"
"1410","Sean Kilpatrick",6.3,0.9,2.8,31.9,1.2,1.4,88.9,1.7,0.9,"G"
"154","Malcolm Brogdon",13,1.3,3.4,38.5,1.6,1.8,88.2,3.3,3.2,"G"
"1610","Darren Collison",12.4,1.4,3,46.8,1.8,2.1,88.2,2.6,5.3,"G"
"1710","Lou Williams",22.6,2.4,6.6,35.9,5.5,6.2,88,2.5,5.3,"G"
"1810","Devin Booker",24.9,2.7,7.1,38.3,5.4,6.1,87.8,4.5,4.7,"G"
"1910","Dwight Buycks",7.4,0.5,1.6,33.3,1.2,1.4,87.8,1.4,2,"G"
"2010","Buddy Hield",13.5,2.2,5.1,43.1,0.9,1,87.7,3.8,1.9,"G"
"2110","Tyus Jones",5.1,0.5,1.6,34.9,0.9,1,87.7,1.6,2.8,"G"
"2210","Derrick Rose",8.4,0.3,1.2,23.3,1.6,1.8,87,1.4,1.5,"G"
"2310","Bojan Bogdanovic",14.3,1.9,4.8,40.2,2.2,2.6,86.8,3.4,1.5,"G"
"243","D.J. Augustin",10.2,1.5,3.6,41.9,2.2,2.5,86.8,2.1,3.8,"G"
"253","Evan Fournier",17.8,2.2,5.9,37.9,2.6,3,86.7,3.2,2.9,"G"
"2610","Ricky Rubio",13.1,1.2,3.5,35.2,2.9,3.3,86.6,4.6,5.3,"G"
"271","Kemba Walker",22.1,2.9,7.5,38.4,4.5,5.3,86.4,3.1,5.6,"G"
"282","Jodie Meeks",6.3,0.9,2.7,34.3,1.3,1.5,86.3,1.6,0.9,"G"
"291","Alec Burks",7.7,0.7,2.2,33.1,1.7,1.9,86.3,3,1,"G"
"301","Jeremy Lamb",12.9,1.2,3.2,37,2.2,2.6,86.1,4.1,2.3,"G"
"313","Rodney Hood",14.7,2.1,5.6,38.1,1.9,2.2,86,2.8,1.6,"G"
"321","Wayne Ellington",11.2,2.9,7.5,39.2,0.9,1,85.9,2.8,1,"G"
"331","James Harden",30.4,3.7,10,36.7,8.7,10.1,85.8,5.4,8.8,"G"
"341","Luke Kennard",7.6,1.1,2.7,41.5,0.9,1,85.5,2.4,1.7,"G"
"351","Mario Chalmers",7.7,0.8,2.9,27.7,1.8,2.1,85.5,2.4,3,"G"
"361","Kyle Lowry",16.2,3.1,7.6,39.9,2.9,3.3,85.4,5.6,6.9,"G"
"371","Jimmy Butler",22.2,1.2,3.4,35,6.2,7.2,85.4,5.3,4.9,"G"
"381","Trevor Ariza",11.7,2.5,6.9,36.8,1.1,1.3,85.4,4.4,1.6,"G"
"391","Allen Crabbe",13.2,2.7,7.1,37.8,1.5,1.8,85.2,4.3,1.6,"G"
"401","Evan Turner",8.2,0.5,1.7,31.8,1.2,1.4,85,3.1,2.2,"G"
"411","Gerald Green",12.1,2.7,7.3,36.9,1.2,1.5,85,3.2,0.6,"G"
"421","Dennis Schroder",19.4,1.1,3.9,29,3.4,4,84.9,3.1,6.2,"G"
"431","Milos Teodosic",9.5,2,5.2,37.9,0.9,1,84.8,2.8,4.6,"G"
"441","Jeff Teague",14.2,1.2,3.3,36.8,2.9,3.4,84.5,3,7,"G"
"451","Shabazz Napier",8.7,1.1,2.9,37.6,1.6,1.9,84.1,2.3,2,"G"
"461","Bogdan Bogdanovic",11.8,1.7,4.2,39.2,1.3,1.5,84,2.9,3.3,"G"
"471","Jarrett Jack",7.5,0.4,1.4,29.1,1,1.2,84,3.1,5.6,"G"
"481","Manu Ginobili",8.9,1,3,33.3,1.7,2,84,2.2,2.5,"G"
"491","Klay Thompson",20,3.1,7.1,44,1.1,1.3,83.7,3.8,2.5,"G"
"501","CJ McCollum",21.4,2.3,5.9,39.7,2.6,3.1,83.6,4,3.4,"G"
"511","Reggie Jackson",14.6,1.2,3.8,30.8,2.5,3,83.6,2.8,5.3,"G"
"521","Devin Harris",8.4,1.1,3.2,34.8,2,2.4,83.5,1.8,2.1,"G"
"531","CJ Miles",10,2.3,6.5,36.1,1.2,1.4,83.5,2.2,0.8,"G"
"541","Fred VanVleet",8.6,1.4,3.4,41.4,1.1,1.3,83.2,2.4,3.2,"G"
"551","Tyler Ulis",7.8,0.6,2.1,28.8,1.2,1.4,83.2,1.8,4.4,"G"
"561","Nicolas Batum",11.6,1.4,4.3,33.6,1.7,2,83.1,4.8,5.5,"G"
"571","Delon Wright",8,0.8,2.2,36.6,1.4,1.7,82.9,2.9,2.9,"G"
"581","Ben McLemore",7.5,1,2.8,34.6,0.9,1.1,82.8,2.5,0.9,"G"
"591","Gary Harris",17.5,2.3,5.9,39.6,2,2.4,82.7,2.6,2.9,"G"
"601","Joe Harris",10.8,1.9,4.6,41.9,1.1,1.3,82.7,3.3,1.6,"G"
"611","DeMar DeRozan",23,1.1,3.6,31,5.8,7,82.5,3.9,5.2,"G"
"621","Justin Holiday",12.2,2.2,6.2,35.9,1.9,2.3,82.3,4,2.1,"G"
"631","Wesley Matthews",12.7,2.4,6.4,38.1,1.3,1.6,82.2,3.1,2.7,"G"
"641","Tyler Johnson",11.7,1.7,4.5,36.7,1.5,1.8,82.2,3.4,2.3,"G"
"651","Michael Carter-Williams",4.6,0.3,1.1,23.7,1.4,1.7,82,2.7,2.2,"G"
"661","Mario Hezonja",9.6,1.2,3.6,33.7,1.1,1.4,81.9,3.7,1.4,"G"
"671","Frank Mason",7.9,0.6,1.7,36,1.8,2.2,81.7,2.5,2.8,"G"
"681","Tim Hardaway Jr.",17.5,2.3,7.2,31.7,2.6,3.1,81.6,3.9,2.7,"G"
"691","Spencer Dinwiddie",12.6,1.8,5.4,32.6,2.7,3.4,81.3,3.2,6.6,"G"
"701","Zach LaVine",16.7,1.8,5.1,34.1,3.6,4.5,81.3,3.9,3,"G"
"711","Eric Gordon",18,3.2,8.8,35.9,2.8,3.5,80.9,2.5,2.2,"G"
"721","Danuel House Jr.",6.6,0.7,2.5,25.9,1.1,1.3,80.6,3.3,1.1,"G"
"731","Will Barton",15.7,1.9,5.2,37,2.2,2.8,80.5,5,4.1,"G"
"741","Donovan Mitchell",20.5,2.4,7,34,3,3.8,80.5,3.7,3.7,"G"
"751","Malcolm Delaney",6.3,0.9,2.3,37.1,1.4,1.7,80.4,1.9,3,"G"
"761","Goran Dragic",17.3,1.5,4,37,2.9,3.6,80.1,4.1,4.8,"G"
"771","Jordan Clarkson",13.9,1.4,3.9,35.2,1.9,2.3,80,2.7,2.7,"G"
"781","Victor Oladipo",23.1,2.1,5.8,37.1,3.9,4.9,79.9,5.2,4.3,"G"
"791","Yogi Ferrell",10.2,1.6,4.4,37.3,1,1.3,79.6,3,2.5,"G"
"801","Kent Bazemore",12.9,1.7,4.2,39.4,2.5,3.1,79.6,3.8,3.5,"G"
"811","Jerryd Bayless",7.9,1.4,3.7,37,0.9,1.1,79.5,2.1,1.4,"G"
"821","Eric Bledsoe",17.7,1.7,4.9,34.7,3.4,4.3,79.5,3.8,5,"G"
"831","Timothe Luwawu-Cabarrot",5.8,1,3,33.5,0.9,1.1,79.3,1.4,1,"G"
"841","Bradley Beal",22.6,2.4,6.5,37.5,3.6,4.5,79.1,4.4,4.5,"G"
"851","Kentavious Caldwell-Pope",13.4,2.1,5.6,38.3,2.1,2.6,78.9,5.2,2.2,"G"
"861","George Hill",10,1.3,3.1,41.5,1.6,2.1,78.6,2.7,2.8,"G"
"871","Jrue Holiday",19,1.5,4.4,33.7,2.3,2.9,78.6,4.5,6,"G"
"881","Tyreke Evans",19.4,2.2,5.5,39.9,3.2,4,78.5,5.1,5.2,"G"
"891","J.J. Barea",11.6,1.7,4.5,36.7,1.2,1.5,78.4,2.9,6.3,"G"
"901","Tyrone Wallace",9.7,0.3,1.3,25,2,2.6,78.2,3.5,2.4,"G"
"911","Tomas Satoransky",7.2,0.6,1.4,46.5,1,1.3,78.1,3.2,3.9,"G"
"921","Andrew Harrison",9.5,0.8,2.5,33.1,2.2,2.8,78,2.3,3.2,"G"
"931","Jawun Evans",4.8,0.3,1.1,27.8,0.8,1,77.6,1.8,2.1,"G"
"941","Ramon Sessions",4.9,0.3,0.9,30.8,1.6,2,77.2,1.4,2.8,"G"
"951","Terry Rozier",11.3,1.9,5,38.1,1.4,1.9,77.2,4.7,2.9,"G"
"961","Garrett Temple",8.4,1.4,3.5,39.2,0.9,1.2,76.9,2.3,1.9,"G"
"971","Avery Bradley",14.3,1.6,4.4,36.9,1.4,1.8,76.8,2.5,2,"G"
"981","Mike James",9.3,0.7,2.7,26.5,1.8,2.3,76.2,2.5,3.5,"G"
"991","Emmanuel Mudiay",8.6,0.7,2.3,31.8,1.5,2,76,2.4,3.2,"G"
"1001","Terrence Ross",8.7,1.3,3.9,32.3,1.1,1.5,75,3,1.6,"G"
"1011","Dillon Brooks",11,1.1,3.2,35.6,1.5,2,74.7,3.1,1.6,"G"
"1021","Wayne Selden",9.3,1.4,3.5,40.2,1.3,1.7,74.6,1.6,1.9,"G"
"1031","Cory Joseph",7.9,0.8,2.3,35.3,0.9,1.1,74.5,3.2,3.2,"G"
"1041","Jerian Grant",8.4,0.8,2.5,32.6,1.9,2.5,74.5,2.3,4.6,"G"
"1051","D'Angelo Russell",15.5,1.9,5.8,32.4,2,2.7,74,3.9,5.2,"G"
"1061","Dion Waiters",14.3,1.7,5.7,30.6,1.7,2.3,73.9,2.6,3.8,"G"
"1071","Justin Anderson",6.2,0.9,2.7,33,0.7,1,73.7,2.4,0.7,"G"
"1081","Kris Dunn",13.4,0.8,2.6,32.1,1.6,2.2,73.7,4.3,6,"G"
"1091","Shaquille Harrison",6.6,0.3,1.1,23.1,1.2,1.7,73.7,2.7,2.4,"G"
"1101","Russell Westbrook",25.4,1.2,4.1,29.8,5.2,7.1,73.7,10.1,10.3,"G"
"1111","LeBron James",27.5,1.8,5,36.7,4.7,6.5,73.1,8.6,9.1,"G"
"1121","Marcus Smart",10.2,1.4,4.6,30.1,1.8,2.5,72.9,3.5,4.8,"G"
"1131","John Wall",19.4,1.5,4.1,37.1,4.3,5.9,72.6,3.7,9.6,"G"
"1141","De'Aaron Fox",11.6,0.6,2.1,30.7,1.9,2.7,72.3,2.8,4.4,"G"
"1151","Dwyane Wade",11.4,0.5,1.7,28.8,2,2.8,71.4,3.8,3.4,"G"
"1161","Tyler Dorsey",7.2,1.3,3.6,36.2,0.8,1.1,71.4,2.3,1.4,"G"
"1171","Shelvin Mack",6.9,0.7,2,34.5,1,1.4,71.1,2.4,3.9,"G"
"1181","Caris LeVert",12.1,1.2,3.5,34.7,1.9,2.6,71.1,3.7,4.2,"G"
"1191","Tony Parker",7.7,0.2,0.7,27,1,1.4,70.5,1.7,3.5,"G"
"1201","Isaiah Taylor",6.6,0.3,1.2,25,1.5,2.1,70.2,1.4,3.1,"G"
"1211","Josh Hart",7.9,1.2,3.1,39.6,1,1.5,70.2,4.2,1.3,"G"
"1221","Ish Smith",10.9,0.4,1.2,34.7,1,1.4,69.8,2.7,4.4,"G"
"1231","Dennis Smith Jr.",15.2,1.5,4.9,31.3,1.9,2.8,69.4,3.8,5.2,"G"
"124","Brandon Ingram",16.1,0.7,1.8,39,3.3,4.8,68.1,5.3,3.9,"G"
"1251","Sindarius Thornwell",3.9,0.3,0.8,37.7,0.8,1.2,67,1.9,0.9,"G"
"1261","Derrick Jones Jr.",3.1,0.2,0.9,16.7,0.8,1.2,66.7,1.9,0.5,"G"
"127","Lance Stephenson",9.2,0.8,2.8,28.9,1,1.5,66.1,5.2,2.9,"G"
"128","Trey Burke",12.8,1.1,2.9,36.2,1,1.6,64.9,2,4.7,"G"
"1291","Elfrid Payton",12.7,0.5,1.5,32.6,1.7,2.7,64.9,4.3,6.2,"G"
"1301","Jaylen Brown",14.5,1.7,4.4,39.5,2.1,3.3,64.4,4.9,1.6,"G"
"1311","Austin Rivers",15.1,2.2,5.9,37.8,1.7,2.6,64.2,2.4,4,"G"
"1321","Justise Winslow",7.8,0.7,1.9,38,1,1.5,63.5,5.4,2.2,"G"
"1331","Josh Jackson",13.1,0.7,2.8,26.3,2.3,3.6,63.4,4.6,1.5,"G"
"1341","Andre Iguodala",6,0.5,1.8,28.2,0.9,1.4,63.2,3.8,3.3,"G"
"1351","DeAndre' Bembry",5.2,0.4,1.2,36.7,0.7,1.3,57.6,2.8,1.9,"G"
"1361","Kyle Collinsworth",3.2,0.1,0.5,23.5,0.7,1.3,52.5,3.3,1.8,"G"
"1371","Tony Allen",4.7,0.2,0.5,33.3,0.5,1,52.4,2.1,0.4,"G"
"1381","Lonzo Ball",10.2,1.7,5.7,30.5,0.6,1.4,45.1,6.9,7.2,"G"
"1391","Andre Roberson",5,0.2,0.9,22.2,0.3,1,31.6,4.7,1.2,"G"
"1401","Danilo Gallinari",15.3,1.7,5.3,32.4,3.9,4.1,93.1,4.8,2,"F"
"141","Mike Muscala",7.6,1.2,3.2,37.1,1.1,1.2,91.9,4.3,1,"F"
"1441","Dirk Nowitzki",12,1.8,4.4,40.9,1.3,1.4,89.8,5.7,1.6,"F"
"1451","Kevin Durant",26.4,2.5,6.1,41.9,5.3,5.9,88.9,6.8,5.4,"F"
"1461","Khris Middleton",20.1,1.8,5,35.9,3.9,4.4,88.4,5.2,4,"F"
"1471","Kevin Love",17.6,2.3,5.6,41.5,4,4.5,88,9.3,1.7,"F"
"1491","Jeff Green",10.8,0.7,2.2,31.2,2.6,3,86.8,3.2,1.3,"F"
"1511","Dario Saric",14.6,2,5.1,39.3,2.3,2.7,86,6.7,2.6,"F"
"1531","Robert Covington",12.6,2.5,6.9,36.9,1.5,1.7,85.3,5.4,2,"F"
"157","Josh Richardson",12.9,1.6,4.1,37.8,1.5,1.8,84.5,3.5,2.9,"F"
"158","Taurean Prince",14.1,2.1,5.6,38.5,1.9,2.2,84.4,4.7,2.6,"F"
"1591","Lauri Markkanen",15.2,2.1,5.9,36.2,2.1,2.4,84.3,7.5,1.2,"F"
"1601","LaMarcus Aldridge",23.1,0.4,1.2,29.3,4.5,5.3,83.7,8.5,2,"F"
"1611","James Ennis III",7.1,0.7,2.1,33.3,1.3,1.6,83.6,3.1,1,"F"
"1641","Marvin Williams",9.5,1.6,3.9,41.3,1.3,1.6,82.9,4.7,1.2,"F"
"1651","Tobias Harris",18.6,2.3,5.6,41.1,2.2,2.7,82.9,5.5,2.4,"F"
"1661","Otto Porter Jr.",14.7,1.8,4.1,44.1,1.4,1.7,82.8,6.4,2,"F"
"1671","Anthony Davis",28.1,0.7,2.2,34,6.6,8,82.8,11.1,2.3,"F"
"168","Harrison Barnes",18.9,1.5,4.3,35.7,3.4,4.1,82.7,6.1,2,"F"
"1701","Jayson Tatum",13.9,1.3,3,43.4,2.7,3.2,82.6,5,1.6,"F"
"1721","Paul George",21.9,3.1,7.7,40.1,4.3,5.2,82.2,5.7,3.3,"F"
"1741","Markieff Morris",11.5,1,2.8,36.7,1.4,1.8,82,5.6,1.9,"F"
"1751","Kelly Oubre Jr.",11.8,1.6,4.6,34.1,2.4,2.9,82,4.5,1.2,"F"
"1771","Jae Crowder",9.7,1.4,4.3,32.3,1.5,1.9,81.8,3.4,1.2,"F"
"1781","Nikola Mirotic",15.6,2.5,6.5,37.7,2,2.5,81.8,7.4,1.5,"F"
"1801","Thabo Sefolosha",8.2,0.8,2.2,38.1,1.2,1.4,81.5,4.2,0.9,"F"
"1831","Marcus Morris Sr.",13.6,1.6,4.3,36.8,2.3,2.9,80.5,5.4,1.3,"F"
"184","Skal Labissiere",8.7,0.3,0.9,35.3,1.6,2,80.5,4.8,1.2,"F"
"1851","Royce O'Neale",5,0.6,1.7,35.6,0.9,1.1,80.3,3.4,1.4,"F"
"1861","Frank Kaminsky",11.1,1.3,3.5,38,2,2.5,79.9,3.6,1.6,"F"
"1871","Anthony Tolliver",8.9,2,4.6,43.6,1.3,1.7,79.7,3.1,1.1,"F"
"1881","Serge Ibaka",12.6,1.4,3.9,36,1.2,1.6,79.7,6.3,0.8,"F"
"1891","Joe Ingles",11.5,2.5,5.7,44,0.8,1,79.5,4.2,4.8,"F"
"1911","Kristaps Porzingis",22.7,1.9,4.8,39.5,4.5,5.7,79.3,6.6,1.2,"F"
"192","Doug McDermott",7.8,1.1,2.7,42.6,0.8,1,79,2.5,1,"F"
"1931","Rondae Hollis-Jefferson",13.9,0.2,0.8,24.1,3.7,4.6,78.8,6.8,2.5,"F"
"1941","Zach Randolph",14.5,0.9,2.5,34.7,1.4,1.8,78.5,6.7,2.2,"F"
"195","Blake Griffin",21.4,1.9,5.6,34.5,4.5,5.7,78.5,7.4,5.8,"F"
"1971","Al Horford",12.9,1.3,3.1,42.9,1.3,1.7,78.3,7.4,4.7,"F"
"1991","Michael Beasley",13.2,0.5,1.2,39.5,1.7,2.1,78,5.6,1.7,"F"
"2001","Ersan Ilyasova",10.9,1.3,3.7,36,1.5,2,77.8,5.9,1.3,"F"
"2011","Draymond Green",11,1.1,3.7,30.1,1.9,2.5,77.5,7.6,7.3,"F"
"2021","Ryan Anderson",9.3,2,5.1,38.6,1.1,1.4,77.4,5,0.9,"F"
"2031","Rudy Gay",11.5,0.6,2.1,31.4,2,2.5,77.2,5.1,1.3,"F"
"2041","Stanley Johnson",8.7,1,3.4,28.6,1.6,2.1,77.2,3.7,1.6,"F"
"2051","Wilson Chandler",10,1.2,3.3,35.8,1.2,1.5,77.2,5.4,2.1,"F"
"2061","Kelly Olynyk",11.5,1.4,3.7,37.9,1.8,2.3,77,5.7,2.7,"F"
"2071","Bobby Portis",13.2,1.1,3.1,35.9,1.6,2.1,76.9,6.8,1.7,"F"
"2091","Jonathon Simmons",13.9,1,3,33.8,2.7,3.5,76.8,3.5,2.5,"F"
"210","Jarell Martin",7.7,0.5,1.3,34.7,1.2,1.6,76.7,4.4,1,"F"
"2111","Carmelo Anthony",16.2,2.2,6.1,35.7,1.9,2.5,76.7,5.8,1.3,"F"
"212","DeMarre Carroll",13.5,2,5.4,37.1,2.6,3.4,76.4,6.6,2,"F"
"2131","Giannis Antetokounmpo",26.9,0.6,1.9,30.7,6.5,8.5,76,10,4.8,"F"
"214","T.J. Warren",19.6,0.3,1.4,22.2,3,3.9,75.7,5.1,1.3,"F"
"2151","Daniel Theis",5.3,0.3,0.9,31,1,1.3,75.3,4.3,0.9,"F"
"2161","Domantas Sabonis",11.6,0.2,0.5,35.1,2.3,3,75,7.7,2,"F"
"2201","Jabari Parker",12.6,1,2.6,38.3,1.3,1.7,74.1,4.9,1.9,"F"
"2211","Al-Farouq Aminu",9.3,1.8,4.9,36.9,0.9,1.2,73.8,7.6,1.2,"F"
"2241","Marreese Speights",7.7,1.7,4.5,36.9,0.8,1.1,72.7,2.6,0.8,"F"
"2251","Corey Brewer",5.3,0.4,1.5,28.2,0.9,1.3,72.2,2.1,0.9,"F"
"2261","JaMychal Green",10.3,0.8,2.3,33.9,1.5,2,72.1,8.4,1.4,"F"
"2271","Dwight Powell",8.5,0.4,1.1,33.3,1.7,2.3,71.9,5.6,1.2,"F"
"2281","Julius Randle",16.1,0.1,0.5,22.2,3.7,5.2,71.8,8,2.6,"F"
"2291","John Collins",10.5,0.2,0.6,34,1.8,2.5,71.5,7.3,1.3,"F"
"2301","Kyle Anderson",7.9,0.3,0.8,33.3,1.4,2,71.2,5.4,2.7,"F"
"2311","Maurice Harkless",6.5,0.8,2,41.5,0.7,1,71.2,2.7,0.9,"F"
"2331","Trevor Booker",6.3,0.1,0.5,24.2,1,1.4,71,4.7,1.2,"F"
"2341","Kyle Kuzma",16.1,2.1,5.6,36.6,1.9,2.7,70.7,6.3,1.8,"F"
"2351","Trey Lyles",9.9,1.1,3,38.1,1.4,2,70.6,4.8,1.2,"F"
"2361","Thon Maker",4.8,0.4,1.4,29.8,0.9,1.3,69.9,3,0.6,"F"
"2371","Aaron Gordon",17.6,2,5.9,33.6,2.7,3.9,69.8,7.9,2.3,"F"
"238","James Johnson",10.8,0.8,2.5,30.8,1.5,2.2,69.8,4.9,3.8,"F"
"239","Paul Millsap",14.6,1,3,34.5,2.9,4.2,69.6,6.4,2.8,"F"
"2401","Luc Mbah a Moute",7.5,1,2.8,36.4,1.1,1.6,68.4,3,0.9,"F"
"242","Jerami Grant",8.4,0.4,1.4,29.1,2,3,67.5,3.9,0.7,"F"
"2441","Troy Williams",6.3,0.5,1.8,28.9,1,1.4,66.7,3,0.8,"F"
"2451","Richaun Holmes",6.5,0.1,0.6,12.9,0.8,1.2,66.1,4.4,1.3,"F"
"246","Mike Scott",8.8,0.9,2.1,40.5,0.7,1,65.8,3.3,1.1,"F"
"2471","David Nwaba",7.9,0.3,0.7,34.6,1.9,2.9,65.5,4.7,1.5,"F"
"2481","Derrick Favors",12.3,0.2,0.8,22.2,1.8,2.8,65.1,7.2,1.3,"F"
"250","Andrew Wiggins",17.7,1.4,4.1,33.1,2.5,3.8,64.3,4.4,2,"F"
"2541","Noah Vonleh",4.9,0.4,1.2,30.3,0.7,1.1,62.1,5.8,0.6,"F"
"2551","Pascal Siakam",7.3,0.4,1.6,22,0.7,1.1,62.1,4.5,2,"F"
"256","Marquese Chriss",7.7,0.8,2.6,29.5,1.3,2.2,60.8,5.5,1.2,"F"
"257","Thaddeus Young",11.8,0.7,2.2,32,0.7,1.1,59.8,6.3,1.9,"F"
"263","Karl-Anthony Towns",21.3,1.5,3.5,42.1,4.2,4.9,85.8,12.3,2.4,"C"
"264","Nikola Jokic",18.5,1.5,3.7,39.6,3.5,4.2,85,10.7,6.1,"C"
"265","Marc Gasol",17.2,1.5,4.4,34.1,3.8,4.6,83.4,8.1,4.2,"C"
"267","Nikola Vucevic",16.5,1.1,3.6,31.4,1.4,1.6,81.9,9.2,3.4,"C"
"268","Jonas Valanciunas",12.7,0.4,1,40.5,2.2,2.7,80.6,8.6,1.1,"C"
"274","Dewayne Dedmon",10,0.8,2.3,35.5,1.1,1.4,77.9,7.9,1.5,"C"
"275","Myles Turner",12.7,0.9,2.4,35.7,2.5,3.2,77.7,6.4,1.3,"C"
"276","Gorgui Dieng",5.9,0.2,0.8,31.1,1,1.3,77.5,4.6,0.9,"C"
"278","Joel Embiid",22.9,1,3.4,30.8,5.7,7.4,76.9,11,3.2,"C"
"279","Timofey Mozgov",4.2,0.1,0.6,22.2,0.7,1,76.7,3.2,0.4,"C"
"280","Pau Gasol",10.1,0.6,1.6,35.8,2.1,2.7,75.6,8,3.1,"C"
"283","DeMarcus Cousins",25.2,2.2,6.1,35.4,6.1,8.2,74.6,12.9,5.4,"C"
"288","Brook Lopez",13,1.5,4.4,34.5,1.5,2.1,70.3,4,1.7,"C"
"1100","Malcolm Brogdon",15.6,1.6,3.8,42.6,2.2,2.4,92.8,4.5,3.2,"G"
"273","Stephen Curry",27.3,5.1,11.7,43.7,3.8,4.2,91.6,5.3,5.2,"G"
"314","Damian Lillard",25.8,3,8,36.9,5.9,6.4,91.2,4.6,6.9,"G"
"412","Marco Belinelli",10.5,1.9,5,37.2,1.4,1.6,90.3,2.5,1.7,"G"
"512","Justin Holiday",10.5,2,5.7,34.8,1.2,1.3,89.6,3.9,1.8,"G"
"612","JJ Redick",18.1,3.2,8,39.7,3,3.4,89.4,2.4,2.7,"G"
"712","Jeremy Lamb",15.3,1.5,4.2,34.8,2.9,3.3,88.8,5.5,2.2,"G"
"812","Buddy Hield",20.7,3.4,7.9,42.7,2.1,2.4,88.6,5,2.5,"G"
"912","Bryn Forbes",11.8,2.1,5,42.6,0.8,1,88.5,2.9,2.1,"G"
"1012","Rodney Hood",11.2,1.2,3.3,35.6,1.9,2.2,88.4,2.2,1.8,"G"
"1112","Malik Monk",8.9,1.5,4.5,33,1.2,1.4,88.2,1.9,1.6,"G"
"1212","James Harden",36.1,4.8,13.2,36.8,9.7,11,87.9,6.6,7.5,"G"
"1312","Lou Williams",20,1.4,3.9,36.1,5.7,6.5,87.6,3,5.4,"G"
"1411","Terrence Ross",15.1,2.7,7,38.3,1.6,1.8,87.5,3.5,1.7,"G"
"1510","Kyrie Irving",23.8,2.6,6.5,40.1,3.2,3.7,87.3,5,6.9,"G"
"1612","Ryan Arcidiacono",6.7,1,2.7,37.3,1.1,1.3,87.3,2.7,3.3,"G"
"1711","Kentavious Caldwell-Pope",11.4,1.8,5.3,34.7,1.7,1.9,86.7,2.9,1.3,"G"
"1811","D.J. Augustin",11.7,1.6,3.8,42.1,2.2,2.6,86.6,2.5,5.3,"G"
"1912","Devin Booker",26.6,2.1,6.5,32.6,6.1,7.1,86.6,4.1,6.8,"G"
"2012","Nicolas Batum",9.3,1.5,4,38.9,1,1.2,86.5,5.2,3.3,"G"
"2112","Reggie Jackson",15.4,2.1,5.7,36.9,2.5,2.9,86.4,2.6,4.2,"G"
"2212","Chris Paul",15.6,2.2,6.1,35.8,3,3.5,86.2,4.6,8.2,"G"
"2312","Josh Richardson",16.6,2.2,6.3,35.7,2.7,3.2,86.1,3.6,4.1,"G"
"2410","Reggie Bullock",11.3,2.3,6.2,37.7,1.2,1.3,85.9,2.7,2,"G"
"2510","Derrick Rose",18,1.1,2.9,37,2.7,3.1,85.6,2.7,4.3,"G"
"2611","Ricky Rubio",12.7,1.2,3.7,31.1,2.9,3.4,85.5,3.6,6.1,"G"
"277","Jimmy Butler",18.7,1,3,34.7,4.8,5.6,85.5,5.3,4,"G"
"284","Patty Mills",9.9,1.9,4.9,39.4,1.1,1.3,85.4,2.2,3,"G"
"295","Jamal Murray",18.2,2,5.5,36.7,2.5,3,84.8,4.2,4.8,"G"
"302","Jamal Crawford",7.9,1,3.2,33.2,1.5,1.7,84.5,1.3,3.6,"G"
"315","Mike Conley",21.1,2.2,6.1,36.4,4.9,5.8,84.5,3.4,6.4,"G"
"322","Kemba Walker",25.6,3.2,8.9,35.6,4.6,5.5,84.4,4.4,5.9,"G"
"332","Jordan Clarkson",16.8,1.8,5.5,32.4,2,2.4,84.4,3.3,2.4,"G"
"342","Langston Galloway",8.4,1.7,4.8,35.5,1,1.2,84.4,2.1,1.1,"G"
"352","Fred VanVleet",11,1.8,4.6,37.8,1.5,1.8,84.3,2.6,4.8,"G"
"362","Tim Hardaway Jr.",18.1,2.5,7.3,34,3.6,4.2,84.1,3.4,2.4,"G"
"372","Tyus Jones",6.9,0.6,1.9,31.7,0.9,1,84.1,2,4.8,"G"
"382","Collin Sexton",16.7,1.5,3.6,40.2,2.6,3.1,83.9,2.9,3,"G"
"392","Jeremy Lin",9.6,0.7,2.5,29.4,2.4,2.8,83.8,2.4,3.1,"G"
"402","Luke Kennard",9.7,1.7,4.3,39.4,0.8,1,83.6,2.9,1.8,"G"
"413","Shabazz Napier",9.4,1.4,4.1,33.3,2.1,2.5,83.3,1.8,2.6,"G"
"422","Zach LaVine",23.7,1.9,5.1,37.4,5,6,83.2,4.7,4.5,"G"
"432","Darren Collison",11.2,1,2.6,40.7,2.1,2.5,83.2,3.1,6,"G"
"442","Trey Burke",10.9,1,2.7,35.2,1.8,2.1,83.1,1.7,2.7,"G"
"452","DeMar DeRozan",21.2,0.1,0.6,15.6,4.8,5.7,83,6,6.2,"G"
"462","Kyle Lowry",14.2,2.4,7,34.7,2.5,3,83,4.8,8.7,"G"
"472","Trae Young",19.1,1.9,6,32.4,4.2,5.1,82.9,3.7,8.1,"G"
"482","CJ McCollum",21,2.4,6.4,37.5,2.3,2.7,82.8,4,3,"G"
"492","CJ Miles",6.4,1.3,3.8,33,0.9,1.1,82.8,1.8,0.7,"G"
"502","Bogdan Bogdanovic",14.1,1.9,5.3,36,1.9,2.3,82.7,3.5,3.8,"G"
"513","Joe Harris",13.7,2.4,5.1,47.4,1.4,1.8,82.7,3.8,2.4,"G"
"522","Norman Powell",8.6,1.1,2.8,40,1,1.3,82.7,2.3,1.5,"G"
"532","George Hill",7.6,0.8,2.6,31.4,1.2,1.4,82.4,2.5,2.3,"G"
"542","Alec Burks",8.8,1,2.6,36.3,1.8,2.2,82.3,3.7,2,"G"
"552","Kyle Korver",8.6,2,5,39.7,0.9,1,82.2,2.3,1.2,"G"
"562","Aaron Holiday",5.9,0.9,2.5,33.9,0.8,1,82,1.3,1.7,"G"
"572","Dennis Schroder",15.5,1.6,4.6,34.1,2.4,2.9,81.9,3.6,4.1,"G"
"582","Tomas Satoransky",8.9,0.8,2,39.5,1.6,2,81.9,3.5,5,"G"
"592","Klay Thompson",21.5,3.1,7.7,40.2,1.7,2,81.6,3.8,2.4,"G"
"602","Wesley Matthews",12.2,2.2,5.8,37.2,1.9,2.4,81,2.5,2.3,"G"
"613","Bradley Beal",25.6,2.5,7.3,35.1,4.4,5.5,80.8,5,5.5,"G"
"622","Matthew Dellavedova",5.9,0.9,2.7,33.8,0.9,1.1,80.8,1.6,3.8,"G"
"632","Landry Shamet",9.1,2.1,5,42.2,0.9,1.2,80.6,1.7,1.5,"G"
"642","Marcus Smart",8.9,1.6,4.3,36.4,1.3,1.6,80.6,2.9,4,"G"
"652","Spencer Dinwiddie",16.8,1.8,5.4,33.5,4.2,5.2,80.6,2.4,4.6,"G"
"662","Evan Fournier",15.1,1.9,5.6,34,1.7,2.1,80.6,3.2,3.6,"G"
"672","Donovan Mitchell",23.8,2.4,6.7,36.2,4.1,5.1,80.6,4.1,4.2,"G"
"682","Cameron Payne",6.3,0.6,2.1,29.8,0.8,1,80.5,1.8,2.7,"G"
"692","Jeff Teague",12.1,0.8,2.5,33.3,2.9,3.6,80.4,2.5,8.2,"G"
"702","Allonzo Trier",10.9,0.8,2.1,39.4,2.8,3.5,80.3,3.1,1.9,"G"
"713","Monte Morris",10.4,1.1,2.8,41.4,0.8,1,80.2,2.4,3.6,"G"
"722","Jordan McRae",5.9,0.4,1.3,28.6,1,1.3,80,1.5,1.1,"G"
"732","Shai Gilgeous-Alexander",10.8,0.6,1.7,36.7,1.9,2.4,80,2.8,3.3,"G"
"742","Gary Harris",12.9,1.4,4.2,33.9,2,2.5,79.9,2.8,2.2,"G"
"752","Kris Dunn",11.3,0.7,2.1,35.4,1.2,1.5,79.7,4.1,6,"G"
"762","Alex Caruso",9.2,1,2,48,2,2.6,79.7,2.7,3.1,"G"
"772","Delon Wright",8.7,0.7,2.2,29.8,1.6,2,79.3,3.5,3.3,"G"
"782","Dante Exum",6.9,0.4,1.5,29,1.6,2,79.1,1.6,2.6,"G"
"792","Danuel House Jr.",9.4,1.9,4.6,41.6,1.4,1.8,78.9,3.6,1,"G"
"802","Terry Rozier",9,1.5,4.3,35.3,0.9,1.2,78.5,3.9,2.9,"G"
"813","Eric Gordon",16.2,3.2,8.8,36,1.8,2.2,78.3,2.2,1.9,"G"
"822","Goran Dragic",13.7,1.6,4.6,34.8,2.2,2.8,78.2,3.1,4.8,"G"
"832","D'Angelo Russell",21.1,2.9,7.8,36.9,2,2.5,78,3.9,7,"G"
"842","Patrick Beverley",7.6,1.4,3.6,39.7,1.2,1.6,78,5,3.8,"G"
"852","Emmanuel Mudiay",14.8,1.2,3.6,32.9,2.4,3.2,77.4,3.3,3.9,"G"
"862","Derrick White",9.9,0.7,2.1,33.8,1.4,1.8,77.2,3.7,3.9,"G"
"872","Will Barton",11.5,1.6,4.6,34.2,1.3,1.7,77,4.6,2.9,"G"
"882","Jrue Holiday",21.2,1.8,5.4,32.5,3.1,4,76.8,5,7.7,"G"
"892","E'Twaun Moore",11.9,1.4,3.3,43.2,0.8,1.1,76.3,2.4,1.9,"G"
"902","Devin Harris",6.3,0.9,2.9,31,1.5,2,76.1,1.6,1.8,"G"
"913","Devonte' Graham",4.7,0.7,2.6,28.1,0.8,1,76.1,1.4,2.6,"G"
"922","Ish Smith",8.9,0.8,2.4,32.6,0.8,1.1,75.8,2.6,3.6,"G"
"932","Eric Bledsoe",15.9,1.6,4.8,32.9,2.3,3,75,4.6,5.5,"G"
"942","Grayson Allen",5.6,0.8,2.6,32.3,1.2,1.6,75,0.6,0.7,"G"
"952","Tyler Johnson",10.9,1.6,4.6,34.6,1.7,2.2,74.8,3,2.9,"G"
"962","Garrett Temple",7.8,1.2,3.5,34.1,1.1,1.4,74.8,2.9,1.4,"G"
"972","Damyean Dotson",10.7,1.7,4.7,36.8,1,1.3,74.5,3.6,1.8,"G"
"982","Elfrid Payton",10.6,0.8,2.5,31.4,1.3,1.8,74.3,5.2,7.6,"G"
"992","Frank Jackson",8.1,0.9,2.8,31.4,0.9,1.2,74,2.2,1.1,"G"
"1002","Dwayne Bacon",7.3,0.9,2,43.7,0.8,1.1,73.9,2.1,1.1,"G"
"1013","Tony Parker",9.5,0.2,0.9,25.5,1.6,2.2,73.4,1.5,3.7,"G"
"1022","Allen Crabbe",9.6,2.3,6,37.8,1,1.3,73.2,3.4,1.1,"G"
"1032","Victor Oladipo",18.8,2.1,6,34.3,2.9,3.9,73,5.6,5.2,"G"
"1042","Josh Okogie",7.7,0.8,2.9,27.9,1.6,2.2,72.8,2.9,1.2,"G"
"1052","Wayne Selden",6.9,0.7,2.3,31.6,0.9,1.2,72.8,2.4,1.5,"G"
"1062","De'Aaron Fox",17.3,1.1,2.9,37.1,3.7,5.1,72.7,3.8,7.3,"G"
"1072","Kent Bazemore",11.6,1.4,4.5,32,1.9,2.6,72.6,3.9,2.3,"G"
"1082","Jalen Brunson",9.3,0.9,2.5,34.8,1.2,1.6,72.5,2.3,3.2,"G"
"1092","Rodney McGruder",7.6,1.2,3.4,35.1,0.8,1.1,72.2,3.6,1.7,"G"
"1102","Corey Brewer",4.9,0.5,1.4,31.8,1,1.4,72.1,2.5,1.3,"G"
"1113","Tyreke Evans",10.2,1.1,3.1,35.6,1.7,2.3,71.9,2.9,2.4,"G"
"1122","Luka Doncic",21.2,2.3,7.1,32.7,4.8,6.7,71.3,7.8,6,"G"
"1132","Dwyane Wade",15,1.2,3.6,33,2.3,3.2,70.8,4,4.2,"G"
"1142","Evan Turner",6.8,0.2,0.7,21.2,1,1.5,70.8,4.5,3.9,"G"
"1152","J.J. Barea",10.9,1,3.4,29.7,1.4,2.1,70.5,2.5,5.6,"G"
"1162","Andrew Wiggins",18.1,1.6,4.8,33.9,2.8,4.1,69.9,4.8,2.5,"G"
"1172","John Wall",20.7,1.6,5.3,30.2,3.8,5.5,69.7,3.6,8.7,"G"
"1182","MarShon Brooks",6.6,0.5,1.9,27.8,0.8,1.1,69.7,1.6,0.9,"G"
"1192","Chasson Randle",5.5,0.9,2.3,40,0.9,1.3,69.4,1.1,2,"G"
"1202","Caris LeVert",13.7,1.2,3.9,31.2,2.1,3.1,69.1,3.8,3.9,"G"
"1213","Shelvin Mack",7.5,0.8,2.3,35.4,1,1.5,69,1.8,3.2,"G"
"1222","Josh Hart",7.8,1.4,4.1,33.6,0.8,1.2,68.8,3.7,1.4,"G"
"1232","Lance Stephenson",7.2,1.1,2.9,37.1,0.7,1.1,68.5,3.2,2.1,"G"
"1241","Frank Mason",5.1,0.4,1.7,21.9,1,1.5,68.4,1.1,2.2,"G"
"1252","David Nwaba",6.5,0.5,1.5,32,1.1,1.7,68.2,3.2,1.1,"G"
"1262","Shaquille Harrison",6.5,0.3,1.2,27,1.1,1.7,66.7,3,1.9,"G"
"1271","Jaylen Brown",13,1.3,3.7,34.4,1.8,2.7,65.8,4.2,1.4,"G"
"1281","Antonio Blakeney",7.3,0.6,1.6,39.6,0.9,1.3,65.8,1.9,0.7,"G"
"1292","Russell Westbrook",22.9,1.6,5.6,29,4.1,6.2,65.6,11.1,10.7,"G"
"1302","Dennis Smith Jr.",13.6,1.3,3.9,32.2,1.9,2.9,63.5,2.9,4.8,"G"
"1313","Justise Winslow",12.6,1.5,3.9,37.5,1.3,2.1,62.8,5.4,4.3,"G"
"1322","Tyler Dorsey",6.2,0.9,2.8,33.3,0.8,1.3,62.3,2.4,1.2,"G"
"1332","Hamidou Diallo",3.7,0.1,0.5,16.7,0.7,1.2,61,1.9,0.3,"G"
"1342","Derrick Jones Jr.",7,0.5,1.5,30.8,1.2,2,60.7,4,0.6,"G"
"1352","Michael Carter-Williams",4.8,0.4,1.4,26.3,1.1,1.9,60.4,2.5,2.5,"G"
"1362","Andre Iguodala",5.7,0.7,2.1,33.3,0.6,1,58.2,3.7,3.2,"G"
"1372","Austin Rivers",8.1,1.4,4.3,31.8,0.7,1.3,52.6,2.1,2.2,"G"
"1382","Dion Waiters",12,2.5,6.6,37.7,0.5,1,50,2.6,2.8,"G"
"1392","Lonzo Ball",9.9,1.6,4.9,32.9,0.4,1,41.7,5.3,5.4,"G"
"1402","Danilo Gallinari",19.8,2.4,5.5,43.3,5.4,6,90.4,6.1,2.6,"F"
"1412","Kevin Love",17,2.4,6.7,36.1,4.7,5.2,90.4,10.9,2.2,"F"
"1442","Jeff Green",12.3,1.4,4.2,34.7,2.4,2.7,88.8,4,1.8,"F"
"1452","Kevin Durant",26,1.8,5,35.3,5.7,6.5,88.5,6.4,5.9,"F"
"1462","Chandler Parsons",7.5,1.2,3.8,30.9,0.9,1,88,2.8,1.7,"F"
"1472","Dario Saric",10.6,1.5,4,36.5,1.6,1.9,88,5.6,1.6,"F"
"1492","Lauri Markkanen",18.7,2.3,6.4,36.1,3.3,3.8,87.2,9,1.4,"F"
"1501","Al-Farouq Aminu",9.4,1.2,3.5,34.3,1.9,2.1,86.7,7.5,1.3,"F"
"1512","Tobias Harris",20,1.9,4.8,39.7,3.2,3.7,86.6,7.9,2.8,"F"
"1551","Jayson Tatum",15.7,1.5,3.9,37.3,2.5,2.9,85.5,6,2.1,"F"
"1561","Aron Baynes",5.6,0.4,1.2,34.4,1,1.2,85.5,4.7,1.1,"F"
"1581","Kawhi Leonard",26.6,1.9,5,37.1,6.1,7.1,85.4,7.3,3.3,"F"
"1592","LaMarcus Aldridge",21.3,0.1,0.5,23.8,4.3,5.1,84.7,9.2,2.4,"F"
"1602","Nikola Mirotic",15.2,2.5,6.9,36.5,2.3,2.7,84.7,7.4,1.2,"F"
"1613","Marcus Morris Sr.",13.9,1.9,5.2,37.5,1.9,2.3,84.4,6.1,1.5,"F"
"1621","Bruno Caboclo",8.3,1.4,3.8,36.9,1.2,1.5,84,4.6,1.5,"F"
"1631","Paul George",28,3.8,9.8,38.6,5.9,7,83.9,8.2,4.1,"F"
"1642","Khris Middleton",18.3,2.3,6.2,37.8,2.8,3.4,83.7,6,4.3,"F"
"1652","Doug McDermott",7.3,1.1,2.7,40.8,0.9,1,83.5,1.4,0.9,"F"
"1662","Gordon Hayward",11.5,1.1,3.2,33.3,2.2,2.6,83.4,4.5,3.4,"F"
"1702","Luke Kornet",7,1.5,4.2,36.3,0.8,1,82.6,2.9,1.2,"F"
"1712","Ersan Ilyasova",6.8,0.9,2.4,36.3,0.9,1.1,82.4,4.5,0.8,"F"
"1722","Harrison Barnes",16.4,2.3,5.7,39.5,3,3.6,82.4,4.7,1.5,"F"
"1731","Mike Muscala",7,1.4,4,34.8,1.1,1.3,82.4,3.8,1.2,"F"
"1752","Kelly Olynyk",10,1.4,4,35.4,1.9,2.3,82.2,4.7,1.8,"F"
"1761","Al Horford",13.6,1.1,3,36,1.1,1.4,82.1,6.7,4.2,"F"
"1772","Taurean Prince",13.5,2.2,5.7,39,1.7,2.1,81.9,3.6,2.1,"F"
"1791","Rudy Gay",13.7,1.1,2.7,40.2,1.7,2.1,81.6,6.8,2.6,"F"
"1802","Wes Iwundu",5,0.4,1.2,36.7,1.2,1.5,81.6,2.7,1.1,"F"
"1812","Jonathan Isaac",9.6,1.1,3.5,32.3,1.5,1.8,81.5,5.5,1.1,"F"
"182","T.J. Warren",18,1.8,4.2,42.8,2.3,2.9,81.5,4,1.5,"F"
"1832","Otto Porter Jr.",13.9,1.9,4.6,40.6,1.4,1.7,81.3,5.6,2.1,"F"
"1852","Bojan Bogdanovic",18,2,4.8,42.5,3,3.8,80.7,4.1,2,"F"
"1872","Mikal Bridges",8.3,1.3,3.8,33.5,1.2,1.4,80.5,3.2,2.1,"F"
"1882","Joel Embiid",27.5,1.2,4.1,30,8.2,10.1,80.4,13.6,3.7,"F"
"1892","Jonas Jerebko",6.3,0.9,2.6,36.7,0.9,1.1,80,3.9,1.3,"F"
"190","Anthony Davis",25.9,0.9,2.6,33.1,6.1,7.7,79.4,12,3.9,"F"
"1913","Bobby Portis",14.2,1.5,3.8,39.3,1.5,1.9,79.4,8.1,1.4,"F"
"1921","Trevor Ariza",12.5,2.1,6.3,33.4,1.9,2.4,79.3,5.4,3.7,"F"
"1932","JaMychal Green",9.4,1.1,2.7,40.3,1.2,1.6,79.2,6.3,0.8,"F"
"1951","Darius Miller",8.2,1.9,5.3,36.5,0.8,1,78.9,1.9,2.1,"F"
"1961","Justin Jackson",7.2,1.1,3,35.5,0.8,1,78.5,2.6,1.2,"F"
"1972","Pascal Siakam",16.9,1,2.7,36.9,3,3.8,78.5,6.9,3.1,"F"
"1981","Maxi Kleber",6.8,1.1,3.1,35.3,0.8,1,78.4,4.6,1,"F"
"1992","Rodions Kurucs",8.5,0.9,2.9,31.5,1.1,1.5,78.3,3.9,0.8,"F"
"2002","Stanley Johnson",6.9,0.9,3.3,28.8,0.8,1,78.1,3.3,1.3,"F"
"2013","Dirk Nowitzki",7.3,1.3,4,31.2,0.8,1,78,3.1,0.7,"F"
"2022","Cedi Osman",13,1.7,4.9,34.8,1.9,2.4,77.9,4.7,2.6,"F"
"2032","Kelly Oubre Jr.",15.2,1.6,4.9,32,2.7,3.5,77.5,4.7,1.2,"F"
"2042","Michael Kidd-Gilchrist",6.7,0.3,0.7,34,1.5,1.9,77.2,3.8,1,"F"
"2052","Markieff Morris",9.4,1.2,3.5,33.5,1.2,1.6,77.2,4.6,1.4,"F"
"2062","Dwight Powell",10.6,0.5,1.6,30.7,2.5,3.3,77.2,5.3,1.5,"F"
"2072","Juancho Hernangomez",5.8,0.9,2.6,36.5,0.9,1.2,76.7,3.8,0.8,"F"
"2081","Marvin Williams",10.1,1.9,5.1,36.6,0.9,1.1,76.7,5.4,1.2,"F"
"2092","Jaren Jackson Jr.",13.8,0.9,2.4,35.9,2.6,3.4,76.6,4.7,1.1,"F"
"2101","Robert Covington",13.3,2.4,6.4,37.8,1.9,2.5,76.4,5.5,1.3,"F"
"2113","John Collins",19.5,0.9,2.6,34.8,3.3,4.4,76.3,9.8,2,"F"
"2121","Mario Hezonja",8.8,0.7,2.6,27.6,1.5,2,76.3,4.1,1.5,"F"
"2132","Serge Ibaka",15,0.7,2.3,29,1.8,2.4,76.3,8.1,1.3,"F"
"2141","Nemanja Bjelica",9.6,1.3,3.3,40.1,0.9,1.2,76.1,5.8,1.9,"F"
"2152","DeMarre Carroll",11.1,1.6,4.6,34.2,2.7,3.6,76,5.2,1.3,"F"
"2162","Taj Gibson",10.8,0.2,0.5,32.4,1.9,2.5,75.7,6.5,1.2,"F"
"217","Miles Bridges",7.5,0.8,2.5,32.5,0.7,1,75.3,4,1.2,"F"
"2181","Blake Griffin",24.5,2.5,7,36.2,5.5,7.3,75.3,7.5,5.4,"F"
"2191","Kyle Kuzma",18.7,1.8,6,30.3,2.7,3.6,75.2,5.5,2.5,"F"
"2213","Zach Collins",6.6,0.5,1.6,33.1,1.2,1.6,74.6,4.2,0.9,"F"
"2221","Jonathon Simmons",6.5,0.5,1.9,26.9,1.3,1.7,74.2,2.3,2.3,"F"
"2242","Frank Kaminsky",8.6,1.1,3,36,1.7,2.3,73.8,3.5,1.3,"F"
"2252","Daniel Theis",5.7,0.4,1,38.8,0.8,1.2,73.7,3.4,1,"F"
"2262","Myles Turner",13.3,1,2.6,38.8,2,2.7,73.6,7.2,1.6,"F"
"2282","Christian Wood",8.2,0.4,1.2,34.6,2,2.7,73.2,4,0.4,"F"
"2292","Aaron Gordon",16,1.6,4.4,34.9,2.4,3.2,73.1,7.4,3.7,"F"
"2302","Julius Randle",21.4,0.9,2.7,34.4,4.9,6.7,73.1,8.7,3.1,"F"
"2313","Giannis Antetokounmpo",27.7,0.7,2.8,25.6,6.9,9.5,72.9,12.5,5.9,"F"
"2332","Paul Millsap",12.6,0.8,2.3,36.5,2.6,3.6,72.7,7.2,2,"F"
"2362","Jae Crowder",11.9,2.2,6.5,33.1,1.8,2.5,72.1,4.8,1.7,"F"
"2372","Michael Beasley",7,0.1,0.7,17.6,1.1,1.5,71.8,2.3,1,"F"
"2381","Kevin Knox II",12.8,1.7,4.9,34.3,2.2,3,71.7,4.5,1.1,"F"
"2391","Larry Nance Jr.",9.4,0.5,1.5,33.7,1.4,2,71.6,8.2,3.2,"F"
"2402","James Ennis III",6.7,0.9,2.7,35.3,1,1.4,71.6,3.1,0.7,"F"
"2411","James Johnson",7.8,0.9,2.7,33.6,0.9,1.3,71.4,3.2,2.5,"F"
"2421","Luol Deng",7.1,0.6,2,31.8,1.1,1.6,71.4,3.3,0.8,"F"
"2442","Jabari Parker",14.5,1,3,31.3,2,2.9,71.2,6.6,2.4,"F"
"2452","Noah Vonleh",8.4,0.7,2,33.6,1.6,2.3,71.2,7.8,1.9,"F"
"2461","Marquese Chriss",4.2,0.4,1.7,22.2,0.7,1,71.1,3.3,0.5,"F"
"2472","Omari Spellman",5.9,1,2.8,34.4,0.7,1,71.1,4.2,1,"F"
"2482","Jerami Grant",13.6,1.4,3.7,39.2,2,2.8,71,5.2,1,"F"
"2491","Dorian Finney-Smith",7.5,1,3.1,31.1,0.9,1.3,70.9,4.8,1.2,"F"
"251","Joe Ingles",12.1,2.3,5.9,39.1,1.1,1.5,70.7,4,5.7,"F"
"2521","Jake Layman",7.6,0.8,2.5,32.6,0.7,1,70.4,3.1,0.7,"F"
"2542","Trey Lyles",8.5,0.8,3.1,25.5,1.3,1.8,69.8,3.8,1.4,"F"
"2552","Draymond Green",7.4,0.7,2.5,28.5,1,1.4,69.2,7.3,6.9,"F"
"2561","Marvin Bagley III",14.9,0.5,1.5,31.3,2.9,4.2,69.1,7.6,1,"F"
"2571","Derrick Favors",11.8,0.2,1,21.8,2,3,67.5,7.4,1.2,"F"
"258","Brandon Ingram",18.3,0.6,1.8,33,3.8,5.6,67.5,5.1,3,"F"
"259","Omri Casspi",6.3,0.4,1.2,34.9,1.1,1.6,67.2,3.2,0.7,"F"
"260","Josh Jackson",11.5,0.9,2.8,32.4,1.8,2.7,67.1,4.4,2.3,"F"
"261","Maurice Harkless",7.7,0.6,2,27.5,0.8,1.2,67.1,4.5,1.2,"F"
"262","Thon Maker",5,0.8,2.4,32,0.9,1.3,66.7,3.2,0.7,"F"
"2631","LeBron James",27.4,2,5.9,33.9,5.1,7.6,66.5,8.5,8.3,"F"
"2641","Kenneth Faried",10.4,0.2,0.7,32,1.7,2.7,64.6,6.8,0.5,"F"
"2651","Rondae Hollis-Jefferson",8.9,0.2,0.8,18.4,2,3.1,64.5,5.3,1.6,"F"
"266","Thaddeus Young",12.6,0.6,1.8,34.9,1.1,1.7,64.4,6.5,2.5,"F"
"2671","DeAndre' Bembry",8.4,0.6,2.1,28.9,1.1,1.7,64,4.4,2.5,"F"
"269","Alex Poythress",5.1,0.4,1.1,39.1,0.9,1.4,62.1,3.6,0.8,"F"
"270","Sam Dekker",6.1,0.4,1.3,30.6,0.6,1,60.9,3.1,1,"F"
"272","Dragan Bender",5,0.5,2.2,21.8,0.7,1.2,59.3,4,1.2,"F"
"2741","Kyle Anderson",8,0.2,0.8,26.5,0.9,1.5,57.8,5.8,3,"F"
"2751","D.J. Wilson",5.8,1,2.6,36.2,0.5,1,55.3,4.6,1.1,"F"
"2791","Brook Lopez",12.5,2.3,6.3,36.5,1.4,1.6,84.2,4.9,1.2,"C"
"2801","Karl-Anthony Towns",24.4,1.8,4.6,40,4.9,5.8,83.6,12.4,3.4,"C"
"281","Gorgui Dieng",6.4,0.3,0.7,33.9,1.2,1.4,83,4.1,0.9,"C"
"285","Nikola Jokic",20.1,1,3.4,30.7,3.6,4.4,82.1,10.8,7.3,"C"
"286","Dewayne Dedmon",10.8,1.3,3.4,38.2,1.4,1.8,81.4,7.5,1.4,"C"
"287","Moritz Wagner",4.8,0.5,1.8,28.6,1,1.2,81.1,2,0.6,"C"
"289","Wendell Carter Jr.",10.3,0.1,0.7,18.8,2,2.5,79.5,7,1.8,"C"
"290","Jonas Valanciunas",15.6,0.3,1,29.2,3,3.8,79.5,8.6,1.4,"C"
"292","Nikola Vucevic",20.8,1.1,2.9,36.4,2.2,2.8,78.9,12,3.8,"C"
"293","Enes Kanter",13.7,0.1,0.5,29.4,2.3,2.9,78.7,9.8,1.7,"C"
"294","Thomas Bryant",10.5,0.5,1.4,33.3,1.5,1.9,78.1,6.3,1.3,"C"
"299","Marc Gasol",13.6,1.3,3.5,36.3,2.4,3.2,75.9,7.9,4.4,"C"
"303","DeMarcus Cousins",16.3,0.9,3.2,27.4,3.5,4.8,73.6,8.2,3.6,"C"
"305","Jarrett Allen",10.9,0.1,0.6,13.3,2.5,3.5,70.9,8.4,1.4,"C"
"306","Willy Hernangomez",7.3,0.3,0.7,38.5,1.7,2.5,69.4,5.4,1,"C"
"307","Ian Mahinmi",4.1,0.1,0.5,18.8,1.2,1.8,68.9,3.8,0.7,"C"
"309","Alex Len",11.1,1,2.6,36.3,1.8,2.8,64.8,5.5,1.1,"C"
"311","Andre Drummond",17.3,0.1,0.5,13.2,3.1,5.2,59,15.6,1.4,"C"
"312","Mo Bamba",6.2,0.4,1.5,30,0.8,1.3,58.7,5,0.8,"C"
